{"cameraMode":{"drawMode":0,"name":"Shaded","section":"Shading Mode"},"sceneLighting":true,"audioPlay":false,"sceneViewState":{"showFog":true,"showMaterialUpdate":false,"showSkybox":true,"showFlares":true,"showImageEffects":true,"showParticleSystems":true,"showVisualEffectGraphs":true,"m_FxEnabled":true},"in2DMode":false,"pivot":{"x":-0.9708420634269714,"y":-0.5244379043579102,"z":-6.034720420837402},"rotation":{"x":-0.11853063106536865,"y":-0.0023872097954154016,"z":0.0002840544912032783,"w":-0.9929550290107727},"size":1.602823257446289,"orthographic":false}